stage,sessions,conversion_from_previous_stage
Viewed item,23105,1.0
Added to cart,4223,0.18277429127894396
Began checkout,1455,0.34454179493251241
Purchased,811,0.55738831615120277

