device_category,viewed_item_sessions,added_to_cart_sessions,view_to_cart_rate
desktop,13438,2438,0.18142580741181724
mobile,9111,1692,0.18570958182416858
tablet,556,93,0.1672661870503597

